Date,Rt,lower_Rt,upper_Rt,Region
2020-03-22,2.174580718823186,1.943894538120326,2.3819804641119955,Alameda
2020-03-23,2.1631616294686107,1.9261551758421032,2.377165385744347,Alameda
2020-03-24,2.1512269789556453,1.9076945278003692,2.3720123814130507,Alameda
2020-03-25,2.1387545315310255,1.8883728676362597,2.366491647426847,Alameda
2020-03-26,2.1257284713661178,1.8686114997795624,2.3608007216243294,Alameda
2020-03-27,2.112128128993765,1.8479941605800856,2.3545603105923796,Alameda
2020-03-28,2.0979511591948268,1.82677351367747,2.3478392243982795,Alameda
2020-03-29,2.0832067820187903,1.8049467487371977,2.34059868332402,Alameda
2020-03-30,2.067894978881354,1.7825039823868403,2.332871116821639,Alameda
2020-03-31,2.0520316752936845,1.7594751455779332,2.324591842039418,Alameda
2020-04-01,2.035624678954379,1.7358819803567178,2.3158658745829177,Alameda
2020-04-02,2.018700570930495,1.7118584390777816,2.3066287143207624,Alameda
2020-04-03,2.001301790786774,1.687348907330417,2.2967223562838317,Alameda
2020-04-04,1.9834608382691825,1.6624629075802908,2.2862494912345106,Alameda
2020-04-05,1.965224882956609,1.6372620078197548,2.2751696142185214,Alameda
2020-04-06,1.9466328457092443,1.6118438622389115,2.263521493697175,Alameda
2020-04-07,1.9277584744771632,1.586449164046101,2.2514470207968653,Alameda
2020-04-08,1.908661759354745,1.5610374721280442,2.2387496257712387,Alameda
2020-04-09,1.8894129945985827,1.5357141199903905,2.225642318752785,Alameda
2020-04-10,1.8700767484281253,1.5105946837808861,2.212121469443915,Alameda
2020-04-11,1.8507236827001339,1.4857583166296802,2.198171510931151,Alameda
2020-04-12,1.831411268082927,1.4612142213418504,2.1838693835659275,Alameda
2020-04-13,1.8122110496049226,1.4369731359223958,2.169188298521336,Alameda
2020-04-14,1.7931823720594018,1.413204469021017,2.154246520884908,Alameda
2020-04-15,1.7743794650757083,1.390031790358848,2.139172853557604,Alameda
2020-04-16,1.755861202811054,1.3674905484669708,2.124031124099552,Alameda
2020-04-17,1.7366067613212426,1.343887992276642,2.108308264593647,Alameda
2020-04-18,1.7179713946215844,1.3214869409105527,2.0925869676748325,Alameda
2020-04-19,1.6999431873511974,1.3001155504700455,2.077015734015951,Alameda
2020-04-20,1.6825172894466485,1.2797496425930432,2.0615946484444714,Alameda
2020-04-21,1.665656484657145,1.2603871788877146,2.046209804220637,Alameda
2020-04-22,1.6493599279262787,1.2416823225459654,2.0309390728019205,Alameda
2020-04-23,1.6336335177189898,1.2239137665956508,2.0160999853072537,Alameda
2020-04-24,1.6184462973454816,1.2069226629005898,2.0014859165191443,Alameda
2020-04-25,1.6037874708736946,1.1909121400641745,1.987199880179836,Alameda
2020-04-26,1.5896546581107813,1.1757820553673028,1.9731993036083961,Alameda
2020-04-27,1.5760166358471497,1.1613265310948069,1.959355432214708,Alameda
2020-04-28,1.5628698572740134,1.1477741364153933,1.9457719149404964,Alameda
2020-04-29,1.550196945891148,1.1349666177699798,1.9324015581472316,Alameda
2020-04-30,1.5379987997809343,1.1228936441223578,1.9192532029669853,Alameda
2020-05-01,1.5262577589935629,1.1116816764162063,1.906543425248728,Alameda
2020-05-02,1.514944521688098,1.1011731258894322,1.8940525641188548,Alameda
2020-05-03,1.5040625268872878,1.091613855032247,1.882139348263012,Alameda
2020-05-04,1.4935863109259178,1.082661981380475,1.870285290477884,Alameda
2020-05-05,1.4835095466924297,1.0744053243171714,1.8588043086897543,Alameda
2020-05-06,1.4738226823279892,1.066738359642746,1.847553282438095,Alameda
2020-05-07,1.4644984185395349,1.0599663026103194,1.8366556503651414,Alameda
2020-05-08,1.4555285172108756,1.0538746697872252,1.82604319594059,Alameda
2020-05-09,1.4468875798072576,1.0484759099388319,1.8156671505242616,Alameda
2020-05-10,1.4385721537160048,1.043645352763962,1.8055147726259404,Alameda
2020-05-11,1.4305600754817744,1.0394215847910326,1.7956533311533982,Alameda
2020-05-12,1.4228230275053362,1.0356270297551151,1.7858944161820336,Alameda
2020-05-13,1.415351461607979,1.0324001792833148,1.776368731091617,Alameda
2020-05-14,1.4081398854436735,1.0296175821279954,1.766935298919488,Alameda
2020-05-15,1.401174312659283,1.0270984925598412,1.7576271264612815,Alameda
2020-05-16,1.3944413236624118,1.0249744100323852,1.7486303121481097,Alameda
2020-05-17,1.3879289098989769,1.0229440075742802,1.7396832312283135,Alameda
2020-05-18,1.3816282325916494,1.021095954451872,1.7310272239410396,Alameda
2020-05-19,1.3755258847715444,1.0194708415258387,1.72258075975139,Alameda
2020-05-20,1.3696146336339785,1.0180089791335227,1.7142732089413508,Alameda
2020-05-21,1.3639015353773087,1.0166955611109982,1.7060591243152612,Alameda
2020-05-22,1.358375082676318,1.015373673912664,1.697917894483771,Alameda
2020-05-23,1.353022602498144,1.0140305206458249,1.6899574423308246,Alameda
2020-05-24,1.3478486003718502,1.0127077189675715,1.6821527882941767,Alameda
2020-05-25,1.3428486882620903,1.0113802862803976,1.6745517846126363,Alameda
2020-05-26,1.3380384944171593,1.0100181630045235,1.66716347206004,Alameda
2020-05-27,1.3333927560170937,1.008527775125221,1.6599197583963214,Alameda
2020-05-28,1.3289110176723449,1.0069814001462005,1.6530154420880636,Alameda
2020-05-29,1.3245870195792988,1.0054501881677684,1.6462811122979775,Alameda
2020-05-30,1.3204121076800825,1.0038365349751341,1.639727176328855,Alameda
2020-05-31,1.3163822792027544,1.0021059075631245,1.633289221351604,Alameda
2020-06-01,1.3124963762713957,1.0004702658660356,1.627128403385241,Alameda
2020-06-02,1.308741510937357,0.9989221023355589,1.6212164608955701,Alameda
2020-06-03,1.3051096406965859,0.9974675496905884,1.6155455131289211,Alameda
2020-06-04,1.301590320548368,0.9959457333939087,1.6099774536220923,Alameda
2020-06-05,1.2981604489537462,0.994425637026725,1.6045983238762607,Alameda
2020-06-06,1.2948051943145806,0.9930274597933294,1.5994991647628518,Alameda
2020-06-07,1.2915026559310605,0.9917550762636177,1.5945202241766778,Alameda
2020-06-08,1.288243919742182,0.9905779920815604,1.589702430408089,Alameda
2020-06-09,1.285011684789484,0.9894715112107094,1.5850230852218514,Alameda
2020-06-10,1.281798146054429,0.9884128085430685,1.5805493845232368,Alameda
2020-06-11,1.2785799758215166,0.9875702063388241,1.5760127647668862,Alameda
2020-06-12,1.2753131656064076,0.9868188024764443,1.5714541784157348,Alameda
2020-06-13,1.2720019132901388,0.9861006272060153,1.566961212064749,Alameda
2020-06-14,1.2686318664869825,0.9853145791554898,1.5624405644613988,Alameda
2020-06-15,1.2651779554430884,0.9846414853150266,1.5579164275067097,Alameda
2020-06-16,1.2616435943855187,0.9839522299690401,1.553322621265718,Alameda
2020-06-17,1.2580062447211235,0.983255955350506,1.5486429638145753,Alameda
2020-06-18,1.2542585327363551,0.9824631997922042,1.5438352444912333,Alameda
2020-06-19,1.2503929574694423,0.9817123867730178,1.5389719895522962,Alameda
2020-06-20,1.246409888374711,0.9806870084005129,1.533824261190711,Alameda
2020-06-21,1.2422926087599815,0.9796860331778554,1.52854827163343,Alameda
2020-06-22,1.2380414682019194,0.9783136494440237,1.5230175326475264,Alameda
2020-06-23,1.2336728507911832,0.9768165985918824,1.5174275051283226,Alameda
2020-06-24,1.2291944683467197,0.9750940466257403,1.5116351669991765,Alameda
2020-06-25,1.2245900674929544,0.9729993966157485,1.5055115984121688,Alameda
2020-06-26,1.2198851797554315,0.9706563210270226,1.4993954647597905,Alameda
2020-06-27,1.2151074005394829,0.9680441318277833,1.493093135773383,Alameda
2020-06-28,1.210256752402099,0.9652311320998682,1.4868181245804204,Alameda
2020-06-29,1.2053589494922348,0.9620932315451618,1.4804643884679258,Alameda
2020-06-30,1.2004190964557309,0.9587755558530091,1.4741210597825887,Alameda
2020-07-01,1.195439313851601,0.9552335707375282,1.4677897509342812,Alameda
2020-07-02,1.190441377692499,0.951414089337476,1.4614016165405719,Alameda
2020-07-03,1.185434992427832,0.9474727704120138,1.4551226736593772,Alameda
2020-07-04,1.180429131100604,0.9433750929758933,1.4489330572513714,Alameda
2020-07-05,1.1754513190558016,0.9390678605438215,1.4426926222922374,Alameda
2020-07-06,1.170512362716547,0.9348061651478289,1.4367676364920727,Alameda
2020-07-07,1.1656226283992894,0.9304068893683711,1.430915764271298,Alameda
2020-07-08,1.1607981118727628,0.9258481521505791,1.4251814011188872,Alameda
2020-07-09,1.1560517011801141,0.9213137644239141,1.4196952035663903,Alameda
2020-07-10,1.151377478394298,0.9167496862165213,1.4144154182032518,Alameda
2020-07-11,1.146799977864336,0.912403936263913,1.4094466057117796,Alameda
2020-07-12,1.142321665971658,0.908226066877537,1.4047106630842643,Alameda
2020-07-13,1.1379391386461883,0.9041146682661724,1.4000413500023254,Alameda
2020-07-14,1.1336699855834027,0.9000987131627087,1.3955181877065566,Alameda
2020-07-15,1.1294924368299193,0.896171996485728,1.3910846340099556,Alameda
2020-07-16,1.1254112591245669,0.8924417395265557,1.3868851788006251,Alameda
2020-07-17,1.1214235398201011,0.8888886897793251,1.3828188917860906,Alameda
2020-07-18,1.1175224208576584,0.8854690243007606,1.3788492908529886,Alameda
2020-07-19,1.113699656145962,0.8821483078416161,1.374899580689544,Alameda
2020-07-20,1.109935926665187,0.8789795484056475,1.3710451456879913,Alameda
2020-07-21,1.1062192210794777,0.8758989806213698,1.3671118431532947,Alameda
2020-07-22,1.102522708004535,0.8728434548879526,1.3630269634952188,Alameda
2020-07-23,1.0988291717952572,0.869754879615054,1.3588054336514817,Alameda
2020-07-24,1.0951227637660843,0.8667290979866572,1.3544165381321267,Alameda
2020-07-25,1.091393129452602,0.8637894442424209,1.3498197553370683,Alameda
2020-07-26,1.087614144350473,0.8607353973174617,1.3449575993532636,Alameda
2020-07-27,1.0837643409555737,0.8576851753655115,1.3399887835755193,Alameda
2020-07-28,1.0798190744894876,0.8545637652551554,1.3346648292434007,Alameda
2020-07-29,1.0757541517504066,0.8512956149404983,1.3290989666612512,Alameda
2020-07-30,1.0715530600154468,0.8478317587144452,1.3232022947832074,Alameda
2020-07-31,1.0671998203783295,0.8442732523921601,1.3171893234910772,Alameda
2020-08-01,1.0626908530306987,0.8403963508418326,1.3107397135676648,Alameda
2020-08-02,1.057996822613453,0.8362859996644927,1.3040088398726026,Alameda
2020-08-03,1.053111742248049,0.8319450338535773,1.2970838719249265,Alameda
2020-08-04,1.048028731120634,0.8272939374878615,1.2899790548839314,Alameda
2020-08-05,1.0427338617123072,0.8221887121791221,1.2824696815220706,Alameda
2020-08-06,1.0372323085627018,0.8166677677544314,1.274769401429776,Alameda
2020-08-07,1.0315392191457622,0.8108769604189148,1.2668544801378805,Alameda
2020-08-08,1.0256520746076645,0.8046079609301852,1.258756073168567,Alameda
2020-08-09,1.0195848754627297,0.797954617055727,1.2505761837925653,Alameda
2020-08-10,1.01337012931972,0.7910458632831538,1.2425334568288382,Alameda
2020-08-11,1.0070140890553316,0.7838256769433353,1.2345578798078036,Alameda
2020-08-12,1.0005404340061022,0.7762702268932246,1.2265727583669572,Alameda
2020-08-13,0.9939780690889282,0.7684363171894735,1.2187236862981996,Alameda
2020-08-14,0.9873686543402563,0.7604061357231129,1.2111472213241459,Alameda
2020-08-15,0.9807345578831856,0.7521150577953315,1.2036879116577817,Alameda
2020-08-16,0.974108161426212,0.7436361281269434,1.1965966001304689,Alameda
2020-08-17,0.9675386483699575,0.7350711979250135,1.1898829764417558,Alameda
2020-08-18,0.9610406640739713,0.7264264975218747,1.1835715792163422,Alameda
2020-08-19,0.9546588503139757,0.7178296200324458,1.177713982416193,Alameda
2020-08-20,0.9484443223739403,0.7092984279632467,1.1724207577039523,Alameda
2020-08-21,0.9424044557224863,0.7008949025017428,1.1676211256554858,Alameda
2020-08-22,0.936563591224197,0.6926303013052515,1.1633058109370222,Alameda
2020-08-23,0.9309548776015615,0.6845698356973758,1.159514655006363,Alameda
2020-08-24,0.9255908925731122,0.6769153872816155,1.1563975108203854,Alameda
2020-08-25,0.9204904554980969,0.6695178736703441,1.1538242567949588,Alameda
2020-08-26,0.9156699915975087,0.6626126115342824,1.1517728460675465,Alameda
2020-08-27,0.9111461417990484,0.6561984360546511,1.1502214856844615,Alameda
2020-08-28,0.9069087640855389,0.6502584726529841,1.1491597294046567,Alameda
2020-08-29,0.9029733585888291,0.64478103796946,1.1484295899169752,Alameda
2020-08-30,0.8993374173137895,0.6397366958625459,1.148109196567767,Alameda
2020-08-31,0.8959990842538085,0.6353252557100746,1.1481386969565617,Alameda
2020-09-01,0.8929677861375814,0.6314497558948035,1.1485051924222551,Alameda
2020-09-02,0.8902199282757292,0.6279689500301945,1.1489489669715924,Alameda
2020-09-03,0.8877673943533739,0.6250137047365493,1.1495361391578058,Alameda
2020-09-04,0.8856071057240466,0.6224836570075247,1.150067244028806,Alameda
2020-09-05,0.8837231444794442,0.6204986826306225,1.1507165461982114,Alameda
2020-09-06,0.8821030357373558,0.6186964747595582,1.1513135026957106,Alameda
2020-09-07,0.880736047401482,0.6174908189368299,1.1520862944120347,Alameda
2020-09-08,0.8796114613683873,0.6166349671050058,1.152892618548016,Alameda
2020-09-09,0.8787152049814936,0.6158769416099906,1.1535225637193038,Alameda
2020-09-10,0.8780440413705104,0.6153488649297371,1.1540607981149484,Alameda
2020-09-11,0.8775887116389587,0.6149964386151093,1.1544341944741126,Alameda
2020-09-12,0.8773241506055388,0.6147941687239711,1.154659444822497,Alameda
2020-09-13,0.8772332761817745,0.6146617427001675,1.1547067396807913,Alameda
2020-09-14,0.8773151054643024,0.6147073583414772,1.15464672126175,Alameda
2020-09-15,0.8775432766712647,0.6147557629376943,1.1543593826035135,Alameda
2020-09-16,0.8779173911497523,0.6148903570298195,1.1541151906620828,Alameda
2020-09-17,0.8784095559361044,0.6150597707424101,1.1538234299265309,Alameda
2020-09-18,0.8790136338215991,0.615362666924749,1.1535797821229659,Alameda
2020-09-19,0.8797230117605986,0.6155719418931376,1.1532224277806489,Alameda
2020-09-20,0.8805161719781962,0.6157549739104844,1.15281733188576,Alameda
2020-09-21,0.881398607106362,0.6159480241030165,1.1524264205154582,Alameda
2020-09-22,0.8823490089843293,0.6160617568196011,1.152046347048852,Alameda
2020-09-23,0.8833801906395781,0.6161548611408662,1.1517777981015294,Alameda
2020-09-24,0.884472176602557,0.6162712793032339,1.151688462784932,Alameda
2020-09-25,0.8856220255533878,0.6164257964215485,1.1516664663906506,Alameda
2020-09-26,0.8868340746692073,0.6165507454969598,1.1518030766269292,Alameda
2020-09-27,0.888099200589516,0.6166895182943467,1.1520511505768305,Alameda
2020-09-28,0.8894109020428114,0.616820935078257,1.1523132230691218,Alameda
2020-09-29,0.8907666431278876,0.6168852389992645,1.1524856081759765,Alameda
2020-09-30,0.8921704138971894,0.6171770053303216,1.152774056842854,Alameda
2020-10-01,0.8936198964640242,0.617542171304431,1.1531962391051955,Alameda
2020-10-02,0.8951130997718655,0.6180794110371419,1.1536574643391126,Alameda
2020-10-03,0.8966521773509905,0.6187998402956915,1.1540983936986335,Alameda
2020-10-04,0.8982271624861221,0.6197876653131537,1.1546628963670347,Alameda
2020-10-05,0.8998331382120963,0.6209984633077843,1.1551958774654458,Alameda
2020-10-06,0.9014648187796078,0.622491685148079,1.1557925284003443,Alameda
2020-10-07,0.9031132079465265,0.6243181109395345,1.1563068857671117,Alameda
2020-10-08,0.9047842018648649,0.6263446654516974,1.156781873831933,Alameda
2020-10-09,0.9064691053954681,0.6286558896199105,1.1572384995323532,Alameda
2020-10-10,0.9081712390144386,0.6312089380661932,1.1576895606349593,Alameda
2020-10-11,0.9098861972316045,0.6340877693567273,1.158165138254608,Alameda
2020-10-12,0.9116064455800413,0.6372585222247563,1.1585824347199718,Alameda
2020-10-13,0.9133357340764905,0.6406232781058374,1.1589900864043936,Alameda
2020-10-14,0.9150658394169398,0.6441406391163116,1.159285190531065,Alameda
2020-10-15,0.9167876305014843,0.6477342127366008,1.1596074195951598,Alameda
2020-10-16,0.9185138626726504,0.6514572872554136,1.1599941286038702,Alameda
2020-10-17,0.9202410092818618,0.6551796860105118,1.16040316325807,Alameda
2020-10-18,0.9219526915507869,0.6591072419456705,1.1610270400631386,Alameda
2020-10-19,0.9236359280227933,0.6628988700237621,1.1615128648498052,Alameda
2020-10-20,0.9252928490291941,0.6667152558884022,1.162208922190034,Alameda
2020-10-21,0.9269041410878203,0.6704913988303152,1.1630338853709261,Alameda
2020-10-22,0.9284772619867705,0.6743258884418287,1.1640612585420496,Alameda
2020-10-23,0.9299975716390692,0.6780208721434805,1.1652030258676198,Alameda
2020-10-24,0.9314542056854459,0.6814789079657605,1.1664805499985946,Alameda
2020-10-25,0.932844016452068,0.6846625896088098,1.167741753683958,Alameda
2020-10-26,0.9341546846167369,0.6879115438709872,1.1691557144568852,Alameda
2020-10-27,0.9353858482087075,0.6908390198887082,1.1706404394347598,Alameda
2020-10-28,0.9365351545045283,0.6934947498474747,1.1722298989429258,Alameda
2020-10-29,0.93759277870285,0.6960548482594009,1.1739587501391164,Alameda
2020-10-30,0.9385535878126982,0.6984244029678837,1.175878657418138,Alameda
2020-10-31,0.939399006005302,0.7004897045759296,1.1778298213415412,Alameda
2020-11-01,0.9401438811304861,0.7023526547247197,1.1798998571943586,Alameda
2020-11-02,0.9407996018236375,0.7039456841480916,1.1820411873584595,Alameda
2020-11-03,0.9413606470136119,0.7052381152201694,1.1841241365791564,Alameda
2020-11-04,0.9418243086283226,0.7063023406700907,1.186292437859728,Alameda
2020-11-05,0.9421916179910056,0.7070633507576247,1.1883486790616886,Alameda
2020-11-06,0.94246551031792,0.7075902183579957,1.1902476137031044,Alameda
2020-11-07,0.9426600014811227,0.7078191929263788,1.19209721673361,Alameda
2020-11-08,0.9427651728113362,0.7078450901400208,1.1939447551821265,Alameda
2020-11-09,0.942799558362571,0.7076796899181106,1.1957401815431126,Alameda
2020-11-10,0.9427611759979075,0.7071294361756116,1.197303934945854,Alameda
2020-11-11,0.9426518736285,0.7063494256841157,1.1986836304221162,Alameda
2020-11-12,0.9424760195054948,0.7054238857615023,1.1998832522866947,Alameda
2020-11-13,0.9422418279340383,0.7043451045235051,1.2010010694799569,Alameda
2020-11-14,0.9419482464958595,0.7030532697439648,1.2020000731418565,Alameda
2020-11-15,0.9415910574147295,0.7015258907112294,1.2028256150044112,Alameda
2020-11-16,0.9411827874989533,0.6997571019178482,1.2034272881581727,Alameda
2020-11-17,0.9407333022013434,0.6978477516009459,1.2039492558280267,Alameda
2020-11-18,0.9402372707253599,0.6958088545614518,1.2043993930708785,Alameda
2020-11-19,0.9396965303056988,0.6935576132104915,1.2047541157201644,Alameda
2020-11-20,0.9391126509885641,0.6912188976964004,1.2051402912264262,Alameda
2020-11-21,0.9384957084517289,0.688909113746831,1.2056612336789043,Alameda
2020-11-22,0.9378494552052509,0.6865027023844715,1.2062500483120968,Alameda
2020-11-23,0.9371882957583725,0.6840214865341826,1.2068264250022174,Alameda
2020-11-24,0.9365223717308607,0.6814934507287627,1.2075163984703998,Alameda
2020-11-25,0.9358448516802212,0.678977261719878,1.208288037831966,Alameda
2020-11-26,0.9351762407272219,0.6764051455486417,1.2092635585590377,Alameda
2020-11-27,0.9344999800018252,0.6738044149696347,1.2103824653623823,Alameda
2020-11-28,0.9338287606129537,0.6712128069866217,1.2116752187474145,Alameda
2020-11-29,0.9331793148218146,0.6687045375888877,1.2132730880311378,Alameda
2020-11-30,0.9325462742467474,0.6661587482815753,1.2150507125438574,Alameda
2020-12-01,0.9319374514362753,0.6635020847713544,1.216957782959249,Alameda
2020-12-02,0.9313509754037308,0.6608857984367918,1.2189659208500039,Alameda
2020-12-03,0.9307996599123337,0.6583660257953917,1.221088522532558,Alameda
2020-12-04,0.9302825742628166,0.6559051152717217,1.2232856788006534,Alameda
2020-12-05,0.9297941136202491,0.6533686253377828,1.2255113858820663,Alameda
2020-12-06,0.9293503514204993,0.6509520300866662,1.2277852973542707,Alameda
2020-12-07,0.9289613510153879,0.6484995295037653,1.229974392684743,Alameda
2020-12-08,0.9286136004625277,0.6461836933953468,1.232310038074323,Alameda
2020-12-09,0.9283155294783946,0.6437627552215373,1.234439651138476,Alameda
2020-12-10,0.9280723440725939,0.6415382181585382,1.2366693660969683,Alameda
2020-12-11,0.927867237547343,0.6394091622658601,1.2388805901760978,Alameda
2020-12-12,0.9277137113417144,0.6372184529072801,1.2409385803176756,Alameda
2020-12-13,0.9275984098751774,0.6351732002752659,1.2429449627868476,Alameda
2020-12-14,0.9275287462136419,0.6332412490131052,1.245026117567932,Alameda
2020-12-15,0.9275072255011387,0.6312592083349885,1.2469329230431123,Alameda
2020-12-16,0.9275185625617564,0.6293082036907772,1.248722774677075,Alameda
2020-12-17,0.9275428295988148,0.6274047500419309,1.250355927185317,Alameda
2020-12-18,0.927599440040596,0.6254650284168218,1.2519193845978251,Alameda
2020-12-19,0.927673305590398,0.6235808160666468,1.253374387502957,Alameda
2020-12-20,0.9277676875092172,0.62165545747659,1.2546587964239244,Alameda
2020-12-21,0.9278688986877602,0.6196357942659275,1.2557340824030807,Alameda
2020-12-22,0.9279625409008685,0.617570400468582,1.2565919602601139,Alameda
2020-12-23,0.9280511015983453,0.6154504834580842,1.2572877195386591,Alameda
2020-12-24,0.9281532610393968,0.6132937860496416,1.2577965058575642,Alameda
2020-12-25,0.9282413841615803,0.6110965569362047,1.2581441018815471,Alameda
2020-12-26,0.928330541304807,0.6087844376907967,1.2584276856470642,Alameda
2020-12-27,0.9284033440161392,0.6062643461236931,1.2583212537186956,Alameda
2020-12-28,0.9284722403263754,0.6037003319156353,1.258083341385757,Alameda
2020-12-29,0.9285362096772968,0.6008871599301246,1.2576881078487219,Alameda
2020-12-30,0.9285881520427534,0.5980462802752055,1.2573124678900973,Alameda
2020-12-31,0.9286449978585177,0.5952014368492405,1.2570801688621285,Alameda
2021-01-01,0.928704944849504,0.5921333837466608,1.2568030520571023,Alameda
2021-01-02,0.92878595061818,0.5887774932913118,1.2564301759999568,Alameda
2021-01-03,0.9288867134026192,0.5854002054106624,1.2562618576589495,Alameda
2021-01-04,0.9290048922990664,0.5820120008539336,1.2562712739464266,Alameda
2021-01-05,0.9291481898562861,0.5786017286899087,1.2565480132529925,Alameda
2021-01-06,0.9293094572248038,0.5750866287500411,1.2569616661671705,Alameda
2021-01-07,0.9294726267658588,0.571558772709067,1.257356256696132,Alameda
2021-01-08,0.9296592631380816,0.5680418996559851,1.2580051598279494,Alameda
2021-01-09,0.929866730244937,0.5645017189286752,1.2588191211219584,Alameda
2021-01-10,0.9300907759232256,0.5608983874246981,1.2598351494955826,Alameda
2021-01-11,0.9303331179161477,0.5573567928851335,1.2611451461213175,Alameda
2021-01-12,0.9305965375915639,0.5539059615940118,1.2627884775609173,Alameda
2021-01-13,0.9308743009530601,0.5505824514418799,1.2647198116372413,Alameda
2021-01-14,0.9311750255083198,0.5473348222972987,1.2668729073347185,Alameda
2021-01-15,0.9314824273072094,0.5442583964561035,1.2692782424635825,Alameda
2021-01-16,0.9318087758603959,0.5413386917786365,1.2718890824746067,Alameda
2021-01-17,0.9321426971739196,0.5385513218514721,1.2746474283205012,Alameda
2021-01-18,0.9324744964603401,0.5358861479642495,1.2774960855652708,Alameda
2021-01-19,0.9328134438749337,0.5334230486152833,1.2805274065154761,Alameda
2021-01-20,0.9331542557000913,0.5312145553009832,1.2837346048086622,Alameda
2021-01-21,0.9334955805619423,0.5291901951671787,1.2871310682940518,Alameda
2021-01-22,0.9338326865580611,0.5272958292748753,1.2906502687981707,Alameda
2021-01-23,0.9341726520217415,0.5255465097574292,1.2942042821550892,Alameda
2021-01-24,0.9345095780384255,0.524075088627441,1.2978314471276424,Alameda
2021-01-25,0.9348408977354792,0.5226904757006461,1.3014611384250554,Alameda
2021-01-26,0.9351628504898155,0.521471874669861,1.3051269450626115,Alameda
2021-01-27,0.9354888733697608,0.5204314906662739,1.3087327357252605,Alameda
2021-01-28,0.9358017182712938,0.5195788726178654,1.3123749074132942,Alameda
2021-01-29,0.9361017637165913,0.5186719070343413,1.315764919001174,Alameda
2021-01-30,0.9364003128984428,0.517848973376282,1.319137415452033,Alameda
2020-03-22,2.1031075300807895,1.8641029207395663,2.284308300758713,Contra Costa
2020-03-23,2.0947988376512563,1.8505121788679761,2.2818559696992318,Contra Costa
2020-03-24,2.0861184016798755,1.8366909008364294,2.2792839017399027,Contra Costa
2020-03-25,2.077041115587833,1.822526338420393,2.276588991820481,Contra Costa
2020-03-26,2.0675752106510648,1.8080218329791702,2.2737532321268143,Contra Costa
2020-03-27,2.0577007551978173,1.7931049931140086,2.2706544659855465,Contra Costa
2020-03-28,2.047411792200753,1.777692282482264,2.2673605184035757,Contra Costa
2020-03-29,2.0367117966201413,1.7618690615225203,2.2639019868651524,Contra Costa
2020-03-30,2.025614266242884,1.7455152987557903,2.2601100101153664,Contra Costa
2020-03-31,2.0141284058920825,1.72877639766324,2.256161641395334,Contra Costa
2020-04-01,2.0022635649757237,1.711903448253534,2.2521427839495285,Contra Costa
2020-04-02,1.990059712938339,1.6946984473684426,2.2478174776906377,Contra Costa
2020-04-03,1.9775271807277153,1.6771984350127278,2.2432145686443006,Contra Costa
2020-04-04,1.9646968329057646,1.659594600955477,2.2384404574487773,Contra Costa
2020-04-05,1.9516143817763205,1.6418518022668842,2.2333364571915917,Contra Costa
2020-04-06,1.9383047076697897,1.623884011941198,2.2278911485411914,Contra Costa
2020-04-07,1.92482145681743,1.6058759125580406,2.222145131736014,Contra Costa
2020-04-08,1.9112041253356418,1.588004135767114,2.2162211098391693,Contra Costa
2020-04-09,1.8975184783957666,1.5703277972291065,2.2100333550643265,Contra Costa
2020-04-10,1.8838054759338,1.5528113492126354,2.2035685935278226,Contra Costa
2020-04-11,1.8701142325773275,1.5355041845084698,2.196737687043523,Contra Costa
2020-04-12,1.8564766368529035,1.5183149611879792,2.18948515537211,Contra Costa
2020-04-13,1.8429435808517052,1.5015890849975488,2.181940869838535,Contra Costa
2020-04-14,1.829555380887543,1.4852956893873488,2.174147444175741,Contra Costa
2020-04-15,1.8163502223688408,1.4694293176923516,2.1661027750376878,Contra Costa
2020-04-16,1.8033616272571007,1.4538936443303772,2.157779403904999,Contra Costa
2020-04-17,1.789846812218561,1.4376925833078338,2.149043816169346,Contra Costa
2020-04-18,1.7767490027466133,1.4223586865242945,2.139971639293887,Contra Costa
2020-04-19,1.764060519528019,1.4078060914022847,2.1306319077919738,Contra Costa
2020-04-20,1.751758091497917,1.394097926947065,2.1213491307789116,Contra Costa
2020-04-21,1.7398274636870408,1.381069477327659,2.111967031058464,Contra Costa
2020-04-22,1.7282538826940885,1.368579786209569,2.1024935649163368,Contra Costa
2020-04-23,1.7170251452623237,1.3565567881043084,2.0930175890004703,Contra Costa
2020-04-24,1.7061181361552658,1.3450974886508404,2.0834889636629965,Contra Costa
2020-04-25,1.6955227203514895,1.3339498415902828,2.0738534884775963,Contra Costa
2020-04-26,1.6852279369367185,1.3231476186014108,2.0643248916947514,Contra Costa
2020-04-27,1.6752049778836242,1.3126930232011622,2.0547354791054526,Contra Costa
2020-04-28,1.6654447199452656,1.3024462672553991,2.045077695842816,Contra Costa
2020-04-29,1.6559476022141255,1.2924334438325016,2.035744554756432,Contra Costa
2020-04-30,1.6466888226013936,1.282659940519702,2.026480387763628,Contra Costa
2020-05-01,1.6376833936001634,1.2732821167595656,2.0174522434406885,Contra Costa
2020-05-02,1.6288946186930335,1.264172445287809,2.0086768244165043,Contra Costa
2020-05-03,1.6203256250846367,1.2553357885298282,1.9999863384176817,Contra Costa
2020-05-04,1.611969914829445,1.2467462616206628,1.99145130607298,Contra Costa
2020-05-05,1.6038121014193538,1.2382110620725857,1.9829178976278006,Contra Costa
2020-05-06,1.5958451955162212,1.2301212900753538,1.9745926873351045,Contra Costa
2020-05-07,1.5880559851620442,1.2221415215608784,1.966280504247656,Contra Costa
2020-05-08,1.58044627891836,1.2146713680270984,1.958191508393852,Contra Costa
2020-05-09,1.573016986361993,1.2075152986221387,1.9501685776403164,Contra Costa
2020-05-10,1.5657562914346828,1.200808195638786,1.94221999947674,Contra Costa
2020-05-11,1.5586498532891155,1.1945143500684463,1.934432285142039,Contra Costa
2020-05-12,1.5517078642487923,1.1886899610599597,1.9268508310060497,Contra Costa
2020-05-13,1.5449116543802262,1.1831545658552924,1.9192752914965385,Contra Costa
2020-05-14,1.5382602967375822,1.1779632657711763,1.9116598614843487,Contra Costa
2020-05-15,1.5317345552099633,1.1730929037583169,1.9040032111148537,Contra Costa
2020-05-16,1.5253398558599354,1.1686300537871228,1.8964056848298538,Contra Costa
2020-05-17,1.5190601026452772,1.1645509945306154,1.8887020137497248,Contra Costa
2020-05-18,1.5128859861262507,1.1607369997424002,1.8808513868832983,Contra Costa
2020-05-19,1.5068079956617861,1.157291451013051,1.873042498543749,Contra Costa
2020-05-20,1.5008379904741656,1.15410453898546,1.8650406076340513,Contra Costa
2020-05-21,1.4949503106152828,1.1510520348791349,1.8568384792078967,Contra Costa
2020-05-22,1.4891370398420207,1.1481938599981334,1.848669082306142,Contra Costa
2020-05-23,1.4833947955399736,1.1456605045202832,1.840440952332329,Contra Costa
2020-05-24,1.477739114476195,1.1431737267962208,1.8320520746108897,Contra Costa
2020-05-25,1.4721487372230124,1.140760884853829,1.823670715215753,Contra Costa
2020-05-26,1.4666304288021328,1.1386270147732298,1.8153102601971838,Contra Costa
2020-05-27,1.4611694014423802,1.1365243133101794,1.8069071271575998,Contra Costa
2020-05-28,1.4557576442982547,1.134196906604932,1.7981595479990191,Contra Costa
2020-05-29,1.450385334267454,1.1319219117830148,1.7894217973606052,Contra Costa
2020-05-30,1.4450700919179702,1.129649774847491,1.780714461490398,Contra Costa
2020-05-31,1.4398054203915462,1.1274541258747164,1.772088788071387,Contra Costa
2020-06-01,1.434619299061653,1.1254641162403822,1.763634821904514,Contra Costa
2020-06-02,1.4294901757948117,1.1231480660343642,1.7551319242151469,Contra Costa
2020-06-03,1.424412127879093,1.1208905233646915,1.7466564375005196,Contra Costa
2020-06-04,1.4193795397520028,1.1185491799079996,1.7382454467209203,Contra Costa
2020-06-05,1.4143933667746258,1.1162545311522805,1.729925835354171,Contra Costa
2020-06-06,1.4094649862888218,1.1137351037729388,1.721717727897753,Contra Costa
2020-06-07,1.4045821506754783,1.1112870993968555,1.7136869653215205,Contra Costa
2020-06-08,1.399735368972912,1.1087952326812927,1.7058560897852209,Contra Costa
2020-06-09,1.3949203077768018,1.1062035494788847,1.6979718524614082,Contra Costa
2020-06-10,1.3901170230699205,1.1035924782884845,1.6902668529839806,Contra Costa
2020-06-11,1.3853195249848234,1.1009412782139087,1.6827571514827928,Contra Costa
2020-06-12,1.3805204177164905,1.098285376034777,1.6753989447699031,Contra Costa
2020-06-13,1.3756951617570916,1.095578291132044,1.6682204146956119,Contra Costa
2020-06-14,1.3708380778483138,1.0927857232134366,1.6611502869477461,Contra Costa
2020-06-15,1.3659444829808631,1.0900438325322783,1.6542117956971985,Contra Costa
2020-06-16,1.360985310300894,1.0872675617705725,1.6473723740027404,Contra Costa
2020-06-17,1.3559555066600957,1.0845227521168617,1.6406447398191477,Contra Costa
2020-06-18,1.3508285616560476,1.0816773378932438,1.6337008801420065,Contra Costa
2020-06-19,1.3456090987350522,1.078875200304075,1.6267956718345027,Contra Costa
2020-06-20,1.3402739632782588,1.0759093293036994,1.619796722466653,Contra Costa
2020-06-21,1.3348320320915095,1.0729118398550683,1.6128338777063438,Contra Costa
2020-06-22,1.3292625440897894,1.06989290951124,1.605928424688743,Contra Costa
2020-06-23,1.3235696032441682,1.0667022408380904,1.598986185633091,Contra Costa
2020-06-24,1.3177547709667325,1.0633798511716674,1.5921118266804388,Contra Costa
2020-06-25,1.3118304361577124,1.0599332524525555,1.5851944590036156,Contra Costa
2020-06-26,1.3058055332022829,1.056332494138751,1.578224338880974,Contra Costa
2020-06-27,1.2996714063609078,1.0524572991741499,1.5711826439930452,Contra Costa
2020-06-28,1.2934271581472767,1.0485654367398198,1.564189096012352,Contra Costa
2020-06-29,1.2870930483546195,1.0444200626672755,1.5571118171670746,Contra Costa
2020-06-30,1.2806897770815888,1.0401887497418607,1.5500161963061287,Contra Costa
2020-07-01,1.2742104008918487,1.03586405261812,1.5428293967920614,Contra Costa
2020-07-02,1.2676643660930593,1.0312906176862833,1.535580373076548,Contra Costa
2020-07-03,1.261068502998007,1.0264726481990785,1.528339990367101,Contra Costa
2020-07-04,1.2544372764637726,1.0215076625281965,1.5211443184530904,Contra Costa
2020-07-05,1.2477783981160204,1.0163147259936784,1.5139877156119164,Contra Costa
2020-07-06,1.2411178051624043,1.0109539433073347,1.5067510417402041,Contra Costa
2020-07-07,1.2344564576556145,1.0054358345295766,1.4995579079753496,Contra Costa
2020-07-08,1.2278031886195884,0.9997276165248671,1.4923204679353992,Contra Costa
2020-07-09,1.221162866927056,0.9938275077949668,1.4851192670228832,Contra Costa
2020-07-10,1.2145637034258105,0.9877070769533208,1.4778611856990083,Contra Costa
2020-07-11,1.2080037344562915,0.9815623885630496,1.4705156160438682,Contra Costa
2020-07-12,1.2015013882765277,0.9752210082904776,1.4631601800858955,Contra Costa
2020-07-13,1.1950470979719545,0.9688599950308106,1.4558408270263814,Contra Costa
2020-07-14,1.188650180444979,0.9624941392113201,1.4484045162999863,Contra Costa
2020-07-15,1.1823037926669728,0.956178572766034,1.4409637610356512,Contra Costa
2020-07-16,1.1760109877952734,0.9498827625789268,1.433489192955988,Contra Costa
2020-07-17,1.169771615004291,0.9437771468105476,1.4260860863118967,Contra Costa
2020-07-18,1.1635739665471183,0.9377075427223123,1.418611326621963,Contra Costa
2020-07-19,1.1573995543394857,0.931848571932359,1.4110968546428337,Contra Costa
2020-07-20,1.151250486389866,0.9259541530940317,1.4034247427565862,Contra Costa
2020-07-21,1.1451075932839834,0.920250471446659,1.395755270295441,Contra Costa
2020-07-22,1.138977897803694,0.9148395160210573,1.3880180796524082,Contra Costa
2020-07-23,1.1328496963774433,0.9093903503163088,1.3801759641940312,Contra Costa
2020-07-24,1.1267068671438458,0.9042197746619175,1.3723818981097833,Contra Costa
2020-07-25,1.1205436491519962,0.8991332237243767,1.3644738115456116,Contra Costa
2020-07-26,1.114352209369302,0.8942136876712325,1.356500214039472,Contra Costa
2020-07-27,1.1081246998685572,0.8893597033699681,1.3484977295032197,Contra Costa
2020-07-28,1.1018438621249202,0.8845798967129261,1.3403957871756198,Contra Costa
2020-07-29,1.0954925091871544,0.8797842374549995,1.3322276304986587,Contra Costa
2020-07-30,1.0890642796855465,0.875035729364711,1.3240670668228327,Contra Costa
2020-07-31,1.0825380749307634,0.8703276813140796,1.3158046760404143,Contra Costa
2020-08-01,1.075928177512993,0.8656418823294159,1.307538718865884,Contra Costa
2020-08-02,1.0692203164541225,0.8608879159706067,1.299241726910946,Contra Costa
2020-08-03,1.0623915340708947,0.856070567245616,1.2908645669970147,Contra Costa
2020-08-04,1.0554386658616801,0.8510595706928964,1.2823386504632772,Contra Costa
2020-08-05,1.0483864800183913,0.8459095143933942,1.2738059954228516,Contra Costa
2020-08-06,1.0412291410920067,0.8406474423824639,1.2652337160421825,Contra Costa
2020-08-07,1.033979204633539,0.8351641267600917,1.256550782885617,Contra Costa
2020-08-08,1.0266328356238188,0.8296745115940023,1.2479045321840148,Contra Costa
2020-08-09,1.0192090347589513,0.8240012764612401,1.239065581863971,Contra Costa
2020-08-10,1.0117194245571721,0.8182316650102801,1.2301871982494712,Contra Costa
2020-08-11,1.0041863595957836,0.8123876486390702,1.2212989217030537,Contra Costa
2020-08-12,0.9966295479486605,0.806517391462495,1.2124243384663973,Contra Costa
2020-08-13,0.9890839941959253,0.8005223435140424,1.203526235987953,Contra Costa
2020-08-14,0.9815665489817735,0.794469042666414,1.1947848735126856,Contra Costa
2020-08-15,0.9741178730048687,0.7884058789954641,1.1860081446836443,Contra Costa
2020-08-16,0.9667735457904915,0.7824559638256725,1.1774439458951356,Contra Costa
2020-08-17,0.9595722942534155,0.7764859282254866,1.1689902636077598,Contra Costa
2020-08-18,0.9525442254864548,0.770649759185542,1.160893676765137,Contra Costa
2020-08-19,0.945725593421019,0.7648096734400486,1.152970602664651,Contra Costa
2020-08-20,0.9391441686465417,0.7590922097892123,1.145449123419588,Contra Costa
2020-08-21,0.9328207214708164,0.7535386901505821,1.138333553466182,Contra Costa
2020-08-22,0.9267890851642443,0.748198118153607,1.131638681730463,Contra Costa
2020-08-23,0.9210577477000178,0.7428945142275412,1.1252486828793435,Contra Costa
2020-08-24,0.9156378676673574,0.7377802376715276,1.1192168848065196,Contra Costa
2020-08-25,0.910536393159651,0.7328922924211351,1.1137570265458574,Contra Costa
2020-08-26,0.9057731385249693,0.7281521117702048,1.1087057338002877,Contra Costa
2020-08-27,0.9013467157862156,0.7235836498992196,1.104100989396533,Contra Costa
2020-08-28,0.8972458153686236,0.7191794765955503,1.1000010653533867,Contra Costa
2020-08-29,0.8934696089658617,0.7149918776993968,1.0963446350818296,Contra Costa
2020-08-30,0.8900055082587105,0.7109584988437752,1.0932099933019008,Contra Costa
2020-08-31,0.8868352679259773,0.7070526232470948,1.0903441362580324,Contra Costa
2020-09-01,0.8839555584761003,0.7032546702062243,1.0877822967473691,Contra Costa
2020-09-02,0.881356869330702,0.699679511908841,1.0855925053235869,Contra Costa
2020-09-03,0.8790348512019361,0.6960832409461507,1.0836715350560178,Contra Costa
2020-09-04,0.8769675480130033,0.6926497955528049,1.0820337054625824,Contra Costa
2020-09-05,0.8751277945044459,0.6893988212095857,1.080619958071754,Contra Costa
2020-09-06,0.8734928424527091,0.6862290848834881,1.079370602181541,Contra Costa
2020-09-07,0.8720463550371812,0.6831594005830433,1.0782424228153324,Contra Costa
2020-09-08,0.8707666165335762,0.6803667666093909,1.0773267522940038,Contra Costa
2020-09-09,0.8696319731309414,0.6776022072001867,1.0765336611677412,Contra Costa
2020-09-10,0.8686234500341173,0.6750354188198151,1.0759476709113036,Contra Costa
2020-09-11,0.867729590399718,0.6726135163064505,1.0754336182572237,Contra Costa
2020-09-12,0.8669397805662779,0.67026981242818,1.0748866567785496,Contra Costa
2020-09-13,0.8662196939181388,0.6680375920711892,1.0744713963247174,Contra Costa
2020-09-14,0.8655539504316535,0.6658927617637399,1.074094329660179,Contra Costa
2020-09-15,0.8649395305436748,0.6638587954766926,1.0736956004736318,Contra Costa
2020-09-16,0.8643579826519369,0.6620281762672013,1.0734045103372831,Contra Costa
2020-09-17,0.8638047936901297,0.6603641020374346,1.0731689880686488,Contra Costa
2020-09-18,0.8632705141578526,0.6587107044963918,1.0728999404119173,Contra Costa
2020-09-19,0.8627529815464529,0.6572580304438123,1.0728577867747138,Contra Costa
2020-09-20,0.8622237473460416,0.6558628017162702,1.072811168827011,Contra Costa
2020-09-21,0.8617067574944117,0.654529116323204,1.0728944383190018,Contra Costa
2020-09-22,0.8611948139516673,0.6533163138566158,1.073080114879372,Contra Costa
2020-09-23,0.860683827416291,0.6521069059475383,1.0733471816277256,Contra Costa
2020-09-24,0.860174484519222,0.6508704469292065,1.0736835922528523,Contra Costa
2020-09-25,0.8596657405237588,0.6495564064787721,1.074029951570038,Contra Costa
2020-09-26,0.8591563336973992,0.6483979430357665,1.0746123649379629,Contra Costa
2020-09-27,0.8586564528024431,0.6470088095388058,1.0750785868910429,Contra Costa
2020-09-28,0.8581776952453203,0.6456628189459535,1.0758609007168283,Contra Costa
2020-09-29,0.8577267360912932,0.6442905712694078,1.0768190042283583,Contra Costa
2020-09-30,0.8573150619508245,0.6427390483554681,1.0777825774031027,Contra Costa
2020-10-01,0.8569356127692723,0.6411260053851852,1.0789209244727238,Contra Costa
2020-10-02,0.8566056075611436,0.6397146436838801,1.0803710889162064,Contra Costa
2020-10-03,0.8563229546264897,0.6381822415824913,1.0818903061457614,Contra Costa
2020-10-04,0.8560786732218033,0.6366859626853926,1.0837609982574319,Contra Costa
2020-10-05,0.8558852609058886,0.6351698229374085,1.0858126333564322,Contra Costa
2020-10-06,0.855750644963037,0.633719528352305,1.0881251910261995,Contra Costa
2020-10-07,0.8556670414336501,0.6323889978173717,1.0906765869407569,Contra Costa
2020-10-08,0.8556319156509794,0.6311616631451421,1.0934873295424874,Contra Costa
2020-10-09,0.8556559131832945,0.6300030009156545,1.0964217307156883,Contra Costa
2020-10-10,0.8557420313286023,0.6289651360924134,1.0994721004656427,Contra Costa
2020-10-11,0.8558664288349168,0.6280410878282612,1.1025909765343347,Contra Costa
2020-10-12,0.8560306868654245,0.627419017800722,1.1059321356149419,Contra Costa
2020-10-13,0.8562348356948999,0.6267611260399983,1.1092079688126895,Contra Costa
2020-10-14,0.8564641075283277,0.626254199127135,1.1125388730998849,Contra Costa
2020-10-15,0.8567056371071102,0.6258516024069947,1.1157623242671355,Contra Costa
2020-10-16,0.8569575803901782,0.6254541922279387,1.1187938245573705,Contra Costa
2020-10-17,0.8572108973598662,0.6251166574156005,1.1215893711515128,Contra Costa
2020-10-18,0.857466791327873,0.6246666643793902,1.124118985386551,Contra Costa
2020-10-19,0.8577108136633158,0.6244061186637695,1.1263649471305675,Contra Costa
2020-10-20,0.8579415529357244,0.6241723473645536,1.1283263714355831,Contra Costa
2020-10-21,0.8581309525955403,0.6238961562154227,1.1299115951648309,Contra Costa
2020-10-22,0.8582815084705636,0.6235264207678074,1.1311148300516787,Contra Costa
2020-10-23,0.8583896836127076,0.6232039316043774,1.1317756643550811,Contra Costa
2020-10-24,0.8584403003942713,0.6228757056425898,1.1319922475581352,Contra Costa
2020-10-25,0.8584452810787639,0.6224253531674578,1.1317862848130185,Contra Costa
2020-10-26,0.8584023652006593,0.621945999018881,1.131080836389013,Contra Costa
2020-10-27,0.8582911055244177,0.6213985942965398,1.1299482205155522,Contra Costa
2020-10-28,0.858110860502488,0.6208019982088699,1.128480809320053,Contra Costa
2020-10-29,0.8578649564537599,0.6200689003709757,1.1264605974057855,Contra Costa
2020-10-30,0.8575501547903902,0.6192591589039081,1.1240974417586658,Contra Costa
2020-10-31,0.8571665210052842,0.618526873578406,1.1215612545632847,Contra Costa
2020-11-01,0.8567016329080656,0.6178178355020827,1.118844418588811,Contra Costa
2020-11-02,0.85616346829764,0.6171092814871604,1.1159269671657701,Contra Costa
2020-11-03,0.8555620405978873,0.6162491692020702,1.1128360170897837,Contra Costa
2020-11-04,0.8549002569619066,0.6155696926582341,1.109925238918655,Contra Costa
2020-11-05,0.854174364687406,0.614849019786886,1.1069894587446825,Contra Costa
2020-11-06,0.8533876504326097,0.6142113824476287,1.1041261370913205,Contra Costa
2020-11-07,0.8525674026890031,0.6136349984050514,1.1013172349355758,Contra Costa
2020-11-08,0.8517072938522628,0.6130268235075406,1.098587712484737,Contra Costa
2020-11-09,0.8508263655237122,0.6125889829482455,1.0963444688781707,Contra Costa
2020-11-10,0.8499193529984802,0.6120046701972237,1.0942500369813515,Contra Costa
2020-11-11,0.8489997950807343,0.6113293253171053,1.0924054223069288,Contra Costa
2020-11-12,0.8480903529175712,0.6110963013114621,1.0913519213369636,Contra Costa
2020-11-13,0.8471857523116213,0.6107331389413705,1.090559106999255,Contra Costa
2020-11-14,0.8463002825830429,0.6104668884278346,1.0902060977008898,Contra Costa
2020-11-15,0.84544150927263,0.610115132591465,1.090220014703898,Contra Costa
2020-11-16,0.8446191447660889,0.6098263809895211,1.0908509422049488,Contra Costa
2020-11-17,0.8438367162369316,0.6094067642066232,1.0918455140670553,Contra Costa
2020-11-18,0.8431041781002857,0.6089321659096593,1.093279811417695,Contra Costa
2020-11-19,0.8424271007290527,0.6084603520039413,1.0952977255093839,Contra Costa
2020-11-20,0.8418203530288692,0.6077822923476245,1.0977689651259273,Contra Costa
2020-11-21,0.8412684658882071,0.6069011647026211,1.1004574364138018,Contra Costa
2020-11-22,0.8407850371353137,0.6058665784564028,1.1037128566639944,Contra Costa
2020-11-23,0.8403765143120392,0.6046169242001725,1.1072954390814775,Contra Costa
2020-11-24,0.8400319642366214,0.6031784805374731,1.1111693417611388,Contra Costa
2020-11-25,0.8397467503135935,0.6015033922058838,1.1153199641609473,Contra Costa
2020-11-26,0.8395225489985784,0.5995304678908542,1.119633442614732,Contra Costa
2020-11-27,0.8393473763175388,0.5973389219761505,1.1241382216394673,Contra Costa
2020-11-28,0.8392198382411495,0.5948348837888648,1.1287253014972085,Contra Costa
2020-11-29,0.8391361631132929,0.592077422266644,1.133412102638807,Contra Costa
2020-11-30,0.8390906903453271,0.5891948542434888,1.1382741249308561,Contra Costa
2020-12-01,0.8390721379533496,0.5860354770767527,1.1430572806629729,Contra Costa
2020-12-02,0.8390748681973546,0.58277012747585,1.1479154193270473,Contra Costa
2020-12-03,0.8390915631542164,0.5792512076367428,1.152626094815556,Contra Costa
2020-12-04,0.8391236188220413,0.5756315342077027,1.1572291411171727,Contra Costa
2020-12-05,0.8391595107962833,0.5718925954960552,1.1616431012094428,Contra Costa
2020-12-06,0.8392007356800486,0.5681950317402427,1.1659631357375748,Contra Costa
2020-12-07,0.8392282264583815,0.5644339122999646,1.1700293707724163,Contra Costa
2020-12-08,0.8392523253960765,0.5604368009486131,1.1738927632832856,Contra Costa
2020-12-09,0.839260461649311,0.556445177857639,1.177546313568004,Contra Costa
2020-12-10,0.8392561268218923,0.5525448760431967,1.1809409931180928,Contra Costa
2020-12-11,0.8392342039315023,0.5486369411390177,1.1839730469681966,Contra Costa
2020-12-12,0.8391937512154578,0.5447951480501235,1.1869081726769635,Contra Costa
2020-12-13,0.8391475335601183,0.5409878212088229,1.1895532002318085,Contra Costa
2020-12-14,0.8390952211980841,0.5374309780227267,1.1920988176449776,Contra Costa
2020-12-15,0.8390239767212321,0.533939422256195,1.1943802281172728,Contra Costa
2020-12-16,0.8389569471951177,0.5306328243330656,1.19644845682024,Contra Costa
2020-12-17,0.8388940801523357,0.5275587576899884,1.1983915875837492,Contra Costa
2020-12-18,0.8388267560816889,0.5247180312741878,1.200224266311642,Contra Costa
2020-12-19,0.838765858036838,0.5221090668978895,1.2020873222052497,Contra Costa
2020-12-20,0.8387264536256245,0.5196227579980313,1.2038334959310841,Contra Costa
2020-12-21,0.8387118740103958,0.5172867590411111,1.205603501762296,Contra Costa
2020-12-22,0.838718380178849,0.5151743041143788,1.2073962261237694,Contra Costa
2020-12-23,0.8387385041824265,0.5133272513291594,1.2092760190716076,Contra Costa
2020-12-24,0.8387876635152172,0.5114817196023134,1.211077433357458,Contra Costa
2020-12-25,0.8388698961851648,0.5098656662707759,1.2130599618955265,Contra Costa
2020-12-26,0.8389864229671413,0.5083902252085442,1.215221048880568,Contra Costa
2020-12-27,0.8391275846655071,0.5070981089213538,1.217826854752563,Contra Costa
2020-12-28,0.8393094327218217,0.5058885697061742,1.22067565410282,Contra Costa
2020-12-29,0.8395360738784019,0.5047718361123879,1.2238001035880344,Contra Costa
2020-12-30,0.8398053422839409,0.5038991795859603,1.2274506139901464,Contra Costa
2020-12-31,0.8401256211694208,0.5031183416837739,1.2316922133081853,Contra Costa
2021-01-01,0.8404853113365153,0.5018012950224587,1.2358675553801084,Contra Costa
2021-01-02,0.84089723743767,0.5006683039068197,1.2407059874558248,Contra Costa
2021-01-03,0.8413661542844721,0.49951272312484485,1.2462707505584967,Contra Costa
2021-01-04,0.8418940622579189,0.49827520761232597,1.252566610810599,Contra Costa
2021-01-05,0.8424807489341596,0.4967394416451197,1.2591467490916037,Contra Costa
2021-01-06,0.8431199839335248,0.4951147993092007,1.2662850868983804,Contra Costa
2021-01-07,0.8437558004326607,0.4935048675059325,1.2734906044895626,Contra Costa
2021-01-08,0.8444379584387142,0.4917072522202244,1.2811403364527467,Contra Costa
2021-01-09,0.845163657933386,0.48975422373462824,1.289162608142543,Contra Costa
2021-01-10,0.8459399600783438,0.48752626670533167,1.2976364822307822,Contra Costa
2021-01-11,0.8467586117604575,0.485115847110355,1.3062806182863225,Contra Costa
2021-01-12,0.8476157796225474,0.48248100298119634,1.3151754288289532,Contra Costa
2021-01-13,0.8485118985587684,0.4796161370982916,1.32422991068227,Contra Costa
2021-01-14,0.849440973990553,0.47654788214651367,1.3333345273871628,Contra Costa
2021-01-15,0.8503935824169134,0.47334697260112535,1.3424759485624147,Contra Costa
2021-01-16,0.8513741706706884,0.46996669141473624,1.351542059166441,Contra Costa
2021-01-17,0.8523672202365077,0.46650640604113697,1.360532346946185,Contra Costa
2021-01-18,0.853369155611379,0.46288866176661064,1.3692956405762573,Contra Costa
2021-01-19,0.8543768694874517,0.45902523765626335,1.3776679186885865,Contra Costa
2021-01-20,0.855391132465683,0.4550842782940485,1.3857816936358853,Contra Costa
2021-01-21,0.8563978040507376,0.45115581806991495,1.3935728810050265,Contra Costa
2021-01-22,0.8573948012671172,0.44720029935708894,1.4010117747970137,Contra Costa
2021-01-23,0.8583647729347058,0.44325608149305706,1.4081299349960166,Contra Costa
2021-01-24,0.8593070752413771,0.439401331633319,1.4149428598240639,Contra Costa
2021-01-25,0.8602174903354435,0.43540537094386694,1.421239644559896,Contra Costa
2021-01-26,0.8611048352957059,0.43162068424980937,1.427301962936021,Contra Costa
2021-01-27,0.8619575195256819,0.4279370738611882,1.4328648146813925,Contra Costa
2021-01-28,0.8627875192579595,0.4243868350401138,1.4381518386540395,Contra Costa
2021-01-29,0.8635920091869119,0.42091011117989097,1.4431056807402298,Contra Costa
2021-01-30,0.8643672243566556,0.4175954953866505,1.4478819037882429,Contra Costa
2020-03-22,3.9750498151134823,3.4480525943485567,4.496141677825156,Los Angeles
2020-03-23,3.9071932419840008,3.374456314869027,4.434654348214955,Los Angeles
2020-03-24,3.8373412940676292,3.29903222448059,4.370581422690526,Los Angeles
2020-03-25,3.7654801711761516,3.222447657790378,4.304395758706198,Los Angeles
2020-03-26,3.6916144693483313,3.14429202656957,4.235938506638942,Los Angeles
2020-03-27,3.6158425810094075,3.0647339575994352,4.165319430858837,Los Angeles
2020-03-28,3.5382524953217662,2.983930728292379,4.092480178613501,Los Angeles
2020-03-29,3.458950097027379,2.901927712955265,4.017280271892938,Los Angeles
2020-03-30,3.3781715297651598,2.8188920987852626,3.9399978848110186,Los Angeles
2020-03-31,3.2961390434276536,2.7354014882089284,3.8610804294389744,Los Angeles
2020-04-01,3.213095609694955,2.651534652507338,3.780445069318135,Los Angeles
2020-04-02,3.1293593490770775,2.5677801611116067,3.6983947243778603,Los Angeles
2020-04-03,3.045267846952348,2.484459622531157,3.6155097064832673,Los Angeles
2020-04-04,2.961240596989419,2.4017280744715337,3.53190895149231,Los Angeles
2020-04-05,2.877662861124576,2.320018602552508,3.44805311614977,Los Angeles
2020-04-06,2.7948721234222544,2.239569974525639,3.364330350557513,Los Angeles
2020-04-07,2.713234048360594,2.16094200441024,3.2811839958362388,Los Angeles
2020-04-08,2.6330636435193515,2.0844178109365914,3.1988694028806037,Los Angeles
2020-04-09,2.554683776948393,2.010156225772799,3.117671969415197,Los Angeles
2020-04-10,2.478384407156108,1.9383800222833996,3.03799368609319,Los Angeles
2020-04-11,2.4044159521356865,1.8691862935817076,2.960047789179886,Los Angeles
2020-04-12,2.3329638677000144,1.8025375655756006,2.8840284529028577,Los Angeles
2020-04-13,2.264178005702162,1.7385569491757122,2.8102156485959613,Los Angeles
2020-04-14,2.198161692740416,1.6775392310173023,2.738948775662811,Los Angeles
2020-04-15,2.1349887114404003,1.619431300253811,2.6702492873070227,Los Angeles
2020-04-16,2.07468919940244,1.5639731699783743,2.603834384625821,Los Angeles
2020-04-17,2.011568698212019,1.5048430084530904,2.535331272886527,Los Angeles
2020-04-18,1.9528523919821417,1.4507911207915645,2.47055587265965,Los Angeles
2020-04-19,1.8982208300000767,1.4006400220407986,2.4092261048337664,Los Angeles
2020-04-20,1.8473168896911212,1.3545808459515865,2.3516357209984355,Los Angeles
2020-04-21,1.7998403905634792,1.3117460360326696,2.2972442965180204,Los Angeles
2020-04-22,1.755538553532828,1.2720104998661812,2.246203045085494,Los Angeles
2020-04-23,1.714204120187446,1.2352786859912677,2.198256415818952,Los Angeles
2020-04-24,1.675659274482471,1.2009618223368659,2.1530402302699048,Los Angeles
2020-04-25,1.6397553094008288,1.1695892272906943,2.111031722339459,Los Angeles
2020-04-26,1.6063912392165665,1.140386472162982,2.071228546493383,Los Angeles
2020-04-27,1.5754945692001365,1.1138562611181224,2.03414660292539,Los Angeles
2020-04-28,1.5469963145080194,1.0897266845345355,1.9994305503077736,Los Angeles
2020-04-29,1.520831782094401,1.0682691415436245,1.9674121686783308,Los Angeles
2020-04-30,1.4969549846944572,1.049165517843071,1.9378714505926808,Los Angeles
2020-05-01,1.475334386705209,1.032787325495009,1.9108534908293724,Los Angeles
2020-05-02,1.455901560617283,1.0182632163199385,1.8863164007702988,Los Angeles
2020-05-03,1.4385919491449193,1.0060883369093723,1.8641628658430909,Los Angeles
2020-05-04,1.4233907497588396,0.9959051906642211,1.8441641059709917,Los Angeles
2020-05-05,1.4102224497605649,0.987936626408952,1.8268329467603832,Los Angeles
2020-05-06,1.3989418832717708,0.9821616950563207,1.8115732217037734,Los Angeles
2020-05-07,1.3894541927408666,0.9782537744404781,1.7982495124231714,Los Angeles
2020-05-08,1.3816453695867692,0.9760492717924313,1.7868285645794209,Los Angeles
2020-05-09,1.3753679464243889,0.9753711997561799,1.7771000797457812,Los Angeles
2020-05-10,1.3705219564134392,0.9759119803222155,1.7688542415352755,Los Angeles
2020-05-11,1.3669930648400375,0.9776544488627987,1.76213388978645,Los Angeles
2020-05-12,1.3646104433420787,0.9804689677653606,1.7567664978782198,Los Angeles
2020-05-13,1.3632339947631908,0.9843338247467229,1.752989475087612,Los Angeles
2020-05-14,1.3627552799303855,0.9886439697480925,1.7501403719162139,Los Angeles
2020-05-15,1.3630123188388474,0.9934747862763981,1.748150728949548,Los Angeles
2020-05-16,1.3638647278240108,0.9985082334522128,1.7466713095363335,Los Angeles
2020-05-17,1.3652266208730341,1.0037872809150359,1.7459403446731254,Los Angeles
2020-05-18,1.3669821138597613,1.009177832576844,1.7460084541766943,Los Angeles
2020-05-19,1.368997267365189,1.0146423880098723,1.7465903235964102,Los Angeles
2020-05-20,1.371193718268125,1.0196995152449597,1.7472115470949456,Los Angeles
2020-05-21,1.3735134758739855,1.0246563097733064,1.7483924398553021,Los Angeles
2020-05-22,1.3758966187776187,1.0292400179750896,1.7498020042276163,Los Angeles
2020-05-23,1.3782976032451355,1.0334179991065684,1.7512556035922535,Los Angeles
2020-05-24,1.3806720774787686,1.0374895770974146,1.7529037794552589,Los Angeles
2020-05-25,1.3830353232764991,1.041307530326105,1.754709277732852,Los Angeles
2020-05-26,1.3854708012773405,1.0451109279803776,1.7568207853645152,Los Angeles
2020-05-27,1.3880574384745843,1.0487026064455969,1.759196270434541,Los Angeles
2020-05-28,1.3908806107069545,1.051995336500831,1.7620082234316101,Los Angeles
2020-05-29,1.3940087684799185,1.0554727910420079,1.7652666193026731,Los Angeles
2020-05-30,1.3974792411287924,1.0593467597273705,1.7689972200078372,Los Angeles
2020-05-31,1.4013175736363723,1.0636023458370862,1.7732626630404775,Los Angeles
2020-06-01,1.4056473727465666,1.0684454034145965,1.778090585371828,Los Angeles
2020-06-02,1.410506269712059,1.0737582151625988,1.7834538229946686,Los Angeles
2020-06-03,1.4159407968017923,1.0793390437660964,1.7893018178208024,Los Angeles
2020-06-04,1.4219465324041722,1.085510433238717,1.7955815136527948,Los Angeles
2020-06-05,1.4285154531767386,1.0925135864688538,1.8027327064503469,Los Angeles
2020-06-06,1.435654284747916,1.099825780643573,1.810037833545605,Los Angeles
2020-06-07,1.4432897752294707,1.1076355648060932,1.8176118455963877,Los Angeles
2020-06-08,1.4512841482933325,1.1160872371238422,1.8255602811274756,Los Angeles
2020-06-09,1.4595718300347247,1.1247335102160307,1.8333330464984987,Los Angeles
2020-06-10,1.4680650401354867,1.1336906102343776,1.8410949315917722,Los Angeles
2020-06-11,1.4765892204305766,1.1428579609797314,1.8487534267244536,Los Angeles
2020-06-12,1.4849898040341059,1.1518796307729313,1.8559240539519706,Los Angeles
2020-06-13,1.4931558859301621,1.1607835986463175,1.862608478867548,Los Angeles
2020-06-14,1.5008580123481863,1.1692482425556414,1.8685386124444263,Los Angeles
2020-06-15,1.5078933939060444,1.1771783243397527,1.8735377227444805,Los Angeles
2020-06-16,1.5140785866105504,1.1843489538283878,1.8773657101136922,Los Angeles
2020-06-17,1.519236728938155,1.1905344530768562,1.8799229744501953,Los Angeles
2020-06-18,1.5232293603918146,1.195624528561086,1.8808783864447411,Los Angeles
2020-06-19,1.5258727617066532,1.199342196523498,1.880237825120871,Los Angeles
2020-06-20,1.5270080660620113,1.2015526869180542,1.8779931387490354,Los Angeles
2020-06-21,1.5265530064360417,1.2024368113021977,1.873867122343265,Los Angeles
2020-06-22,1.5244038329291327,1.2016990263028364,1.8680727518569158,Los Angeles
2020-06-23,1.520433799023723,1.1993023779337006,1.8604180252091318,Los Angeles
2020-06-24,1.5145838141411736,1.1951134508581107,1.8507673233612092,Los Angeles
2020-06-25,1.506867794232549,1.1889412731742999,1.8393198102294037,Los Angeles
2020-06-26,1.497308141134556,1.1809283831818589,1.8260465745713135,Los Angeles
2020-06-27,1.4859189838067732,1.1712585530561332,1.8110711894960392,Los Angeles
2020-06-28,1.4727584329036778,1.159989313363673,1.794526082821926,Los Angeles
2020-06-29,1.457840687224034,1.147068240215392,1.7762864161436638,Los Angeles
2020-06-30,1.4412482447117392,1.132490628349137,1.7565355885103866,Los Angeles
2020-07-01,1.423081177849357,1.116475863322089,1.7353400967476293,Los Angeles
2020-07-02,1.4033943541538327,1.098856674809394,1.7125214755754194,Los Angeles
2020-07-03,1.3822731951132945,1.079875165022512,1.6884079024124004,Los Angeles
2020-07-04,1.359855952063172,1.059762526964021,1.663228532122944,Los Angeles
2020-07-05,1.3362104855448986,1.0387576986598794,1.6370750325887968,Los Angeles
2020-07-06,1.3114104542376115,1.0165948237401408,1.6098301535400474,Los Angeles
2020-07-07,1.2855817909756597,0.9936321452496922,1.581444373592668,Los Angeles
2020-07-08,1.258801462126726,0.9697054893841168,1.5520167561142926,Los Angeles
2020-07-09,1.2311854879449315,0.9452958201946728,1.5219662006079946,Los Angeles
2020-07-10,1.202837684525189,0.9201274899439672,1.4909060705873387,Los Angeles
2020-07-11,1.1738562750710966,0.8944058948185966,1.4592231518465046,Los Angeles
2020-07-12,1.1443980111566447,0.8684040707343827,1.4270777724038761,Los Angeles
2020-07-13,1.1145707608966302,0.8420157774043944,1.3944640323082225,Los Angeles
2020-07-14,1.0845065069599937,0.8155629679898602,1.3615222646410934,Los Angeles
2020-07-15,1.0543236734669321,0.7889896154490706,1.3282421804276952,Los Angeles
2020-07-16,1.0241278213696905,0.7624197178699342,1.2947699246445212,Los Angeles
2020-07-17,0.9940540235805658,0.7361975443028195,1.26138234338988,Los Angeles
2020-07-18,0.9642421231734754,0.7101533642143534,1.2283014672604515,Los Angeles
2020-07-19,0.9348470509061897,0.6842855605369321,1.1954508760908318,Los Angeles
2020-07-20,0.9060150714898311,0.6589686172634993,1.1631414690160857,Los Angeles
2020-07-21,0.8778053050811514,0.6341804766194445,1.131380589704291,Los Angeles
2020-07-22,0.8503278470274483,0.6101460852511885,1.1003612625936214,Los Angeles
2020-07-23,0.8236670423055932,0.5868993236748785,1.070059930597508,Los Angeles
2020-07-24,0.7979059312170166,0.5643274303909767,1.0407199981048734,Los Angeles
2020-07-25,0.7730957543630557,0.5424830846058322,1.0123329891260255,Los Angeles
2020-07-26,0.7492743825304576,0.5216738860412968,0.9850743809295199,Los Angeles
2020-07-27,0.7264988998407399,0.5016803552726558,0.9589360588185676,Los Angeles
2020-07-28,0.7048108602068347,0.48261021102165863,0.9339543324976529,Los Angeles
2020-07-29,0.6842090682745022,0.46454523815345694,0.910311791836429,Los Angeles
2020-07-30,0.6646866975027134,0.4474306494963739,0.8878342173454487,Los Angeles
2020-07-31,0.6462446471066717,0.43120100697268465,0.8666041199740762,Los Angeles
2020-08-01,0.6288781642257728,0.41605707310974077,0.846723218418673,Los Angeles
2020-08-02,0.6125445978146656,0.4017389623425726,0.8280625614807895,Los Angeles
2020-08-03,0.5972687075944966,0.3883571738507816,0.8106722884320112,Los Angeles
2020-08-04,0.5830457337605962,0.37588895769256314,0.7948479269532113,Los Angeles
2020-08-05,0.5698642220318582,0.36427194847937305,0.7802999700613692,Los Angeles
2020-08-06,0.5577321800989203,0.35354822261015006,0.7670948743460309,Los Angeles
2020-08-07,0.5465965764245718,0.3437921450893591,0.7552255555439444,Los Angeles
2020-08-08,0.5365150311432899,0.3350330145371607,0.7448257379814961,Los Angeles
2020-08-09,0.5274924781942297,0.3269645899035746,0.7355794199409205,Los Angeles
2020-08-10,0.5194938180897988,0.3196306950796937,0.7276554453841642,Los Angeles
2020-08-11,0.512535112579219,0.31316150314734076,0.7209315434215676,Los Angeles
2020-08-12,0.5066398881585514,0.3074622620148306,0.7155858371188146,Los Angeles
2020-08-13,0.5018175131059478,0.3026351272636882,0.71180544083826,Los Angeles
2020-08-14,0.4980492764134091,0.29847363547496375,0.7091936438990406,Los Angeles
2020-08-15,0.4952970272845531,0.2950342782329159,0.7077831933172343,Los Angeles
2020-08-16,0.49357227223037087,0.2922245003462607,0.7076401022686868,Los Angeles
2020-08-17,0.49288424415799376,0.29004117561801757,0.7088026567335377,Los Angeles
2020-08-18,0.4932686671631501,0.2885715753370952,0.7114360289720315,Los Angeles
2020-08-19,0.4946967932914514,0.28795535516728193,0.7154604153227875,Los Angeles
2020-08-20,0.49716784189816865,0.28782112456886594,0.7205716689909961,Los Angeles
2020-08-21,0.5006755972629121,0.28839012808731745,0.7269050345164786,Los Angeles
2020-08-22,0.5052027584003377,0.2898932225530906,0.7345307787344838,Los Angeles
2020-08-23,0.510750943231825,0.29182376386014974,0.7431769658255855,Los Angeles
2020-08-24,0.5173058580706977,0.29432860640249625,0.7529991307561229,Los Angeles
2020-08-25,0.5248667356594143,0.29768129210275646,0.7637713281705245,Los Angeles
2020-08-26,0.5334190418599888,0.30177707175105,0.7758358711881527,Los Angeles
2020-08-27,0.5429464961797492,0.30655143160572407,0.7889442047825813,Los Angeles
2020-08-28,0.5533908742947691,0.3120365164362829,0.8029429917033203,Los Angeles
2020-08-29,0.564728722905932,0.31836073012316146,0.8182775461820082,Los Angeles
2020-08-30,0.5768992071117344,0.3255098431757969,0.8344378125479346,Los Angeles
2020-08-31,0.5898452113296682,0.3333418323918048,0.8512506193586679,Los Angeles
2020-09-01,0.6035330069752588,0.34183757735761133,0.8690282328268174,Los Angeles
2020-09-02,0.6179210360041785,0.3509223711867056,0.8875571156449142,Los Angeles
2020-09-03,0.632938058167618,0.3605530547105167,0.9066925148662456,Los Angeles
2020-09-04,0.6485317744546213,0.37097190152612763,0.9265707659016514,Los Angeles
2020-09-05,0.6646058381320745,0.3817962284639696,0.9467388531046714,Los Angeles
2020-09-06,0.6810482567703735,0.39315776907574207,0.9671971379639412,Los Angeles
2020-09-07,0.6977687850029218,0.40494995264963446,0.987990806801182,Los Angeles
2020-09-08,0.7146597810997212,0.41711387218364937,1.0087864391236174,Los Angeles
2020-09-09,0.7316015207128561,0.4294699979411467,1.029740952819793,Los Angeles
2020-09-10,0.7484824934983171,0.44179709564660946,1.0502564291989622,Los Angeles
2020-09-11,0.7651717086831153,0.4541757741871547,1.0704916646032385,Los Angeles
2020-09-12,0.7815548234699228,0.4666763711322135,1.0903261730148357,Los Angeles
2020-09-13,0.7975141063483414,0.47891863021126246,1.1094142864378638,Los Angeles
2020-09-14,0.8129412194954406,0.49094741012908366,1.1278058280699574,Los Angeles
2020-09-15,0.827732296093587,0.5025252948192459,1.145179632410925,Los Angeles
2020-09-16,0.8418002346415298,0.5137882685330528,1.1616978170834902,Los Angeles
2020-09-17,0.8550194266278652,0.5244253240957245,1.177016890417837,Los Angeles
2020-09-18,0.8673309219307527,0.5345581415128036,1.1911885234690622,Los Angeles
2020-09-19,0.8786908543455768,0.5440744176054401,1.2043667135598162,Los Angeles
2020-09-20,0.8890446632493317,0.5526159584591659,1.2162450371859612,Los Angeles
2020-09-21,0.898360586110715,0.5604571540609755,1.226891898426885,Los Angeles
2020-09-22,0.9066344375187237,0.5674364564283847,1.2362018452761874,Los Angeles
2020-09-23,0.9138755254237898,0.5736130017705892,1.2441542662706226,Los Angeles
2020-09-24,0.92009297143551,0.578981959817129,1.2510609260710321,Los Angeles
2020-09-25,0.9253202350612317,0.5834688983276954,1.2569131376871818,Los Angeles
2020-09-26,0.9296152966620406,0.5870602421017725,1.2617523227195866,Los Angeles
2020-09-27,0.932979923350859,0.5899471976942575,1.2655992957336237,Los Angeles
2020-09-28,0.9354789648317038,0.5920509036678311,1.268491947474554,Los Angeles
2020-09-29,0.9371709800109832,0.593340282731012,1.2704913123063168,Los Angeles
2020-09-30,0.9381105180621438,0.5940168889247734,1.2718898169816517,Los Angeles
2020-10-01,0.9383358420802568,0.5939111042035415,1.2723277685499046,Los Angeles
2020-10-02,0.9379444120290752,0.5932886258600567,1.2721357807612321,Los Angeles
2020-10-03,0.9370748032898719,0.5923550022618274,1.271629075916361,Los Angeles
2020-10-04,0.9355757755685662,0.5907980253807184,1.2705150453574858,Los Angeles
2020-10-05,0.9334967457782342,0.5888090555923018,1.2687803667585644,Los Angeles
2020-10-06,0.9308731754838901,0.586395403968241,1.2663854054191528,Los Angeles
2020-10-07,0.9277387857857551,0.5835351983031472,1.2632260161658504,Los Angeles
2020-10-08,0.924156528453729,0.580181247566586,1.2595652161242452,Los Angeles
2020-10-09,0.9201907856193227,0.5766794493035845,1.2556892348909205,Los Angeles
2020-10-10,0.9158690154225895,0.5728599946137996,1.2513685783647053,Los Angeles
2020-10-11,0.9112026971885211,0.5686692964059031,1.2465502999469835,Los Angeles
2020-10-12,0.9061822247924752,0.5644783675932863,1.2413482172834793,Los Angeles
2020-10-13,0.9008230923557957,0.560085276757037,1.2357309422656886,Los Angeles
2020-10-14,0.8951018717546902,0.5554878656251835,1.2298830972104027,Los Angeles
2020-10-15,0.8890135614513893,0.5506083691139022,1.223393747711873,Los Angeles
2020-10-16,0.882529878465053,0.5457734504458976,1.2164684552826273,Los Angeles
2020-10-17,0.8756312062001967,0.5406562082722568,1.2090406506407805,Los Angeles
2020-10-18,0.8682723345938965,0.5352372388134842,1.2007667263866868,Los Angeles
2020-10-19,0.8604413512177662,0.5296030437181222,1.1920373760369558,Los Angeles
2020-10-20,0.8520781464469471,0.5235203607254395,1.1826248461022228,Los Angeles
2020-10-21,0.8431411851071576,0.5172418413067846,1.1723674720678596,Los Angeles
2020-10-22,0.8336079974188094,0.5105208770026577,1.1614449934429263,Los Angeles
2020-10-23,0.823491263909239,0.5034996421463173,1.150086573033192,Los Angeles
2020-10-24,0.8127674038737471,0.4958661797747512,1.137896960349392,Los Angeles
2020-10-25,0.8014739668204885,0.48791840874329606,1.1250649400545771,Los Angeles
2020-10-26,0.789635474557873,0.4794887723821112,1.111664019718816,Los Angeles
2020-10-27,0.7772689696725825,0.47057985453890677,1.097450984831755,Los Angeles
2020-10-28,0.764429130028561,0.46124122936063927,1.0826648825306016,Los Angeles
2020-10-29,0.7512012582706571,0.4515834936774691,1.0672498841184885,Los Angeles
2020-10-30,0.7376760231216213,0.44170604040320105,1.0517232370796914,Los Angeles
2020-10-31,0.7239676339835142,0.4314845998051411,1.0359533958840559,Los Angeles
2020-11-01,0.7101783151980781,0.4207969172522918,1.020115347886959,Los Angeles
2020-11-02,0.6964283278069697,0.4100952128387984,1.0044832438296496,Los Angeles
2020-11-03,0.6828188679497782,0.3993439119598624,0.9891051236293875,Los Angeles
2020-11-04,0.6694840083634053,0.3886393198366673,0.9743219367545216,Los Angeles
2020-11-05,0.6565340396263579,0.3778097948603938,0.9599229079778988,Los Angeles
2020-11-06,0.6441186796271389,0.3672743545914563,0.9464416700654597,Los Angeles
2020-11-07,0.6323067936169602,0.35693483363326867,0.9337436920121825,Los Angeles
2020-11-08,0.6211857517710782,0.34679459870204693,0.9218160310568848,Los Angeles
2020-11-09,0.6108204559855172,0.3371450602458895,0.9110368580416747,Los Angeles
2020-11-10,0.6012628343966405,0.3279211040083982,0.9015227317657221,Los Angeles
2020-11-11,0.592545859743982,0.31922283713605537,0.8932623262546617,Los Angeles
2020-11-12,0.5847065701059129,0.3107812606804653,0.8862447245778104,Los Angeles
2020-11-13,0.5777482013638289,0.30282387718293907,0.8803467649308616,Los Angeles
2020-11-14,0.5716604756015322,0.29536372088839385,0.8755739453034505,Los Angeles
2020-11-15,0.566426108525698,0.28843129337891626,0.8719788024305651,Los Angeles
2020-11-16,0.5620502509117437,0.2818519503591484,0.8694591282363694,Los Angeles
2020-11-17,0.5584882968180025,0.2759436520243605,0.8680968937022187,Los Angeles
2020-11-18,0.5557067071064357,0.27060657359773754,0.8677723075629311,Los Angeles
2020-11-19,0.5536631973981438,0.265640970053375,0.8683443749690961,Los Angeles
2020-11-20,0.552320381548993,0.2613192252788506,0.8699667791223551,Los Angeles
2020-11-21,0.551617236233077,0.25736608446574266,0.8722656338799051,Los Angeles
2020-11-22,0.5514519612214855,0.25376695440333,0.87511714049338,Los Angeles
2020-11-23,0.5519708406451357,0.2507933666451297,0.8788809445651513,Los Angeles
2020-11-24,0.5530708779479613,0.24824123045772553,0.8833112483014218,Los Angeles
2020-11-25,0.5546662950815558,0.24621083311787237,0.8882359779391775,Los Angeles
2020-11-26,0.5566868029844491,0.2447736984610169,0.8937750202166277,Los Angeles
2020-11-27,0.5590762710039732,0.24360850454034513,0.8996346002526077,Los Angeles
2020-11-28,0.5617611741401901,0.24290962722978704,0.9056431033343629,Los Angeles
2020-11-29,0.5647236299999058,0.2426732572972887,0.9119194044332077,Los Angeles
2020-11-30,0.5679417568260807,0.24274427604648838,0.9183162701760682,Los Angeles
2020-12-01,0.5713987679781075,0.24322806443389577,0.9249433389037054,Los Angeles
2020-12-02,0.5750505554930767,0.24403032183644285,0.9314867533629091,Los Angeles
2020-12-03,0.5788628891064624,0.2450683107763455,0.9379201704039272,Los Angeles
2020-12-04,0.582801142755203,0.24652501069337757,0.944482370889343,Los Angeles
2020-12-05,0.5868511729305371,0.24815305791621006,0.9510606367270669,Los Angeles
2020-12-06,0.590999134272212,0.24992299692205444,0.9573329502284419,Los Angeles
2020-12-07,0.5952101983218917,0.25209289597585477,0.9635325873813643,Los Angeles
2020-12-08,0.5994763666584001,0.25435301852723347,0.9696329451273733,Los Angeles
2020-12-09,0.6037757268723722,0.2568645543182148,0.9756915242514207,Los Angeles
2020-12-10,0.6080934067355539,0.25949483846247806,0.9817598989901577,Los Angeles
2020-12-11,0.6123913835494428,0.2621833750832485,0.9875807610110281,Los Angeles
2020-12-12,0.6166739215242273,0.2646516680847621,0.9929117388191014,Los Angeles
2020-12-13,0.6209152456162172,0.2670892780517794,0.998185076567597,Los Angeles
2020-12-14,0.6251066953513192,0.2697369541542704,1.00360912251276,Los Angeles
2020-12-15,0.6292317253279883,0.27192229492970776,1.0085039544166012,Los Angeles
2020-12-16,0.6332944039976416,0.2740674399009201,1.013481101018332,Los Angeles
2020-12-17,0.6372876803182917,0.2759095527032141,1.0183107142616243,Los Angeles
2020-12-18,0.641193114016687,0.2777039489556784,1.0232988019707838,Los Angeles
2020-12-19,0.6449942414220063,0.27918909642311235,1.0281617105390584,Los Angeles
2020-12-20,0.6486886107229063,0.2804682815984849,1.0332669891947537,Los Angeles
2020-12-21,0.6522667557994758,0.2811883775655167,1.0379546477714305,Los Angeles
2020-12-22,0.6557303341358801,0.28189392911391137,1.042894605932093,Los Angeles
2020-12-23,0.6590809639749746,0.2822083501813911,1.0477129771775164,Los Angeles
2020-12-24,0.6622892491982428,0.2823172645779851,1.0528200650489503,Los Angeles
2020-12-25,0.6653757929367315,0.2822564168729067,1.058009450572599,Los Angeles
2020-12-26,0.6683297038717987,0.28179566910680176,1.0632313387711951,Los Angeles
2020-12-27,0.6711561051451437,0.2812230622525603,1.0689323525960908,Los Angeles
2020-12-28,0.6738343313097626,0.2800267599680918,1.0743888224422662,Los Angeles
2020-12-29,0.6763885607686408,0.2786770339755307,1.080113703681096,Los Angeles
2020-12-30,0.6788315594657508,0.27699746710190487,1.0860179581864429,Los Angeles
2020-12-31,0.681140296065384,0.2751376957545701,1.0921838808069395,Los Angeles
2021-01-01,0.6833138423660948,0.27322298288669333,1.0985740464689902,Los Angeles
2021-01-02,0.6853754016012843,0.2712347459947491,1.1052957939943522,Los Angeles
2021-01-03,0.6873443157871784,0.2689928725217427,1.1120543027302612,Los Angeles
2021-01-04,0.6892226996257339,0.26666332491167893,1.119118863465089,Los Angeles
2021-01-05,0.6909928297670532,0.26430210109117525,1.1264946777791907,Los Angeles
2021-01-06,0.6926580977606416,0.2620291654978158,1.1343070116449556,Los Angeles
2021-01-07,0.6941567455247379,0.2597036969140777,1.1415718146773417,Los Angeles
2021-01-08,0.6955552329363965,0.2573568363721622,1.1487199522104672,Los Angeles
2021-01-09,0.696862479621424,0.2550129331428761,1.1558646827532149,Los Angeles
2021-01-10,0.698062434147197,0.2526435926974506,1.162979382343333,Los Angeles
2021-01-11,0.6991796966256724,0.25034690755541594,1.1701064389246765,Los Angeles
2021-01-12,0.7002171128978519,0.2479989842205756,1.1770449313312747,Los Angeles
2021-01-13,0.7011807031367435,0.2456222640700583,1.1837876322774536,Los Angeles
2021-01-14,0.7020810168948143,0.24318359073600432,1.1905004912705588,Los Angeles
2021-01-15,0.7029201544672847,0.24063590881928376,1.196925533574669,Los Angeles
2021-01-16,0.7036943346896761,0.2382068598215633,1.2030702977164158,Los Angeles
2021-01-17,0.7044262957168628,0.23566315786405936,1.2090994976032656,Los Angeles
2021-01-18,0.705100809064426,0.23302000558835925,1.2148247220990078,Los Angeles
2021-01-19,0.7057215826605979,0.23035791663582542,1.2203852660626278,Los Angeles
2021-01-20,0.7062913941970145,0.22767493847643946,1.2256296979587986,Los Angeles
2021-01-21,0.7068299862625025,0.225017175857838,1.230793300623416,Los Angeles
2021-01-22,0.7073460832921403,0.2223743410885359,1.2357422087600702,Los Angeles
2021-01-23,0.7078386756488979,0.2196359959056728,1.2403994845799302,Los Angeles
2021-01-24,0.7083149256941533,0.217002207469912,1.244868807687201,Los Angeles
2021-01-25,0.7087699961664433,0.21451601776196308,1.2494240473223734,Los Angeles
2021-01-26,0.7092292516698011,0.21193113262792973,1.2537457144956758,Los Angeles
2021-01-27,0.7096680746244886,0.2094907435831431,1.257885086575104,Los Angeles
2021-01-28,0.7101008735375386,0.20716920656152976,1.2619231542477407,Los Angeles
2021-01-29,0.7105296766471801,0.20478159738718252,1.2656415383177004,Los Angeles
2021-01-30,0.7109740151553047,0.20260793196300525,1.26934207851842,Los Angeles
